filename,width,height,class,xmin,ymin,xmax,ymax
MaskNet - Resized (1).jpg,540,720,Mask,95,439,303,634
MaskNet - Resized (10).jpg,540,720,Mask,209,315,339,386
MaskNet - Resized (100).jpg,540,405,Mask,244,99,296,184
MaskNet - Resized (1000).jpg,540,720,Mask,301,257,381,330
MaskNet - Resized (1001).jpg,540,720,Mask,239,284,345,365
MaskNet - Resized (1002).jpg,540,720,Mask,146,333,327,521
MaskNet - Resized (1003).jpg,540,720,Mask,288,285,475,374
MaskNet - Resized (1004).jpg,540,720,Mask,229,224,313,408
MaskNet - Resized (1005).jpg,540,720,Mask,256,495,357,592
MaskNet - Resized (1006).jpg,540,720,Mask,281,371,330,489
MaskNet - Resized (1007).jpg,540,720,Mask,236,365,388,452
MaskNet - Resized (1008).jpg,540,720,Mask,271,375,371,435
MaskNet - Resized (1009).jpg,540,720,Mask,250,406,367,475
MaskNet - Resized (101).jpg,540,405,Mask,222,160,358,236
MaskNet - Resized (1010).jpg,540,720,Mask,204,321,439,451
MaskNet - Resized (1011).jpg,540,720,Mask,199,239,293,374
MaskNet - Resized (1012).jpg,540,720,Mask,125,320,291,398
MaskNet - Resized (1013).jpg,540,720,Mask,158,139,459,251
MaskNet - Resized (1014).jpg,540,720,Mask,165,245,404,321
MaskNet - Resized (1015).jpg,540,720,Mask,209,250,308,402
MaskNet - Resized (1016).jpg,540,720,Mask,182,288,394,371
MaskNet - Resized (1017).jpg,540,720,Mask,230,103,428,200
MaskNet - Resized (1018).jpg,540,720,Mask,168,141,391,288
MaskNet - Resized (1019).jpg,540,720,Mask,159,127,496,269
MaskNet - Resized (102).jpg,540,720,Mask,245,456,335,540
MaskNet - Resized (1020).jpg,540,720,Mask,143,314,274,531
MaskNet - Resized (1021).jpg,540,720,Mask,133,115,324,400
MaskNet - Resized (1022).jpg,540,720,Mask,204,268,411,417
MaskNet - Resized (1023).jpg,540,720,Mask,142,231,402,377
MaskNet - Resized (1024).jpg,540,720,Mask,166,206,385,322
MaskNet - Resized (1025).jpg,540,720,Mask,301,239,380,377
MaskNet - Resized (1026).jpg,540,720,Mask,226,320,326,374
MaskNet - Resized (1027).jpg,540,720,Mask,223,276,287,359
MaskNet - Resized (1028).jpg,540,720,Mask,225,498,278,554
MaskNet - Resized (1029).jpg,540,720,Mask,253,282,345,331
MaskNet - Resized (103).jpg,540,720,Mask,217,380,337,443
MaskNet - Resized (1030).jpg,540,720,Mask,225,338,297,441
MaskNet - Resized (1031).jpg,540,720,Mask,155,260,224,331
MaskNet - Resized (1032).jpg,540,720,Mask,211,444,312,507
MaskNet - Resized (1033).jpg,540,720,Mask,221,269,293,318
MaskNet - Resized (1034).jpg,540,720,Mask,257,295,327,370
MaskNet - Resized (1035).jpg,540,720,Mask,262,199,339,391
MaskNet - Resized (1036).jpg,540,720,Mask,252,280,295,431
MaskNet - Resized (1037).jpg,540,720,Mask,229,342,320,502
MaskNet - Resized (1038).jpg,540,720,Mask,271,223,302,310
MaskNet - Resized (1039).jpg,540,720,Mask,271,277,323,419
MaskNet - Resized (104).jpg,540,720,Mask,198,374,245,437
MaskNet - Resized (1040).jpg,540,720,Mask,261,163,323,324
MaskNet - Resized (1041).jpg,540,720,Mask,259,416,309,505
MaskNet - Resized (1042).jpg,540,720,Mask,257,238,301,362
MaskNet - Resized (1043).jpg,540,720,Mask,265,296,355,326
MaskNet - Resized (1044).jpg,540,720,Mask,152,273,242,301
MaskNet - Resized (1045).jpg,540,720,Mask,236,288,318,323
MaskNet - Resized (1046).jpg,540,720,Mask,231,323,333,392
MaskNet - Resized (1047).jpg,540,720,Mask,285,194,316,253
MaskNet - Resized (1048).jpg,540,720,Mask,251,345,333,396
MaskNet - Resized (1049).jpg,540,720,Mask,259,417,306,502
MaskNet - Resized (105).jpg,540,720,Mask,205,351,306,435
MaskNet - Resized (1050).jpg,540,720,Mask,278,156,338,231
MaskNet - Resized (1051).jpg,540,720,Mask,229,342,286,406
MaskNet - Resized (1052).jpg,540,720,Mask,203,214,247,267
MaskNet - Resized (1053).jpg,540,720,Mask,252,264,289,332
MaskNet - Resized (1054).jpg,540,720,Mask,222,353,280,459
MaskNet - Resized (1055).jpg,540,720,Mask,268,257,309,316
MaskNet - Resized (1056).jpg,540,720,Mask,235,342,313,476
MaskNet - Resized (1057).jpg,540,720,Mask,197,378,297,423
MaskNet - Resized (1058).jpg,540,720,Mask,178,362,302,469
MaskNet - Resized (106).jpg,540,720,Mask,296,471,363,552
MaskNet - Resized (107).jpg,540,720,Mask,260,380,339,438
MaskNet - Resized (108).jpg,540,720,Mask,258,439,316,508
MaskNet - Resized (109).jpg,540,720,Mask,341,300,427,351
MaskNet - Resized (11).jpg,540,720,Mask,261,437,400,526
MaskNet - Resized (110).jpg,540,720,Mask,192,339,293,416
MaskNet - Resized (111).jpg,540,720,Mask,192,402,295,527
MaskNet - Resized (112).jpg,540,720,Mask,264,348,355,471
MaskNet - Resized (113).jpg,540,720,Mask,234,385,376,482
MaskNet - Resized (114).jpg,540,720,Mask,222,496,315,589
MaskNet - Resized (115).jpg,540,720,Mask,242,333,334,422
MaskNet - Resized (116).jpg,540,720,Mask,189,456,270,517
MaskNet - Resized (117).jpg,540,720,Mask,201,446,305,512
MaskNet - Resized (118).jpg,540,720,Mask,195,352,304,538
MaskNet - Resized (119).jpg,540,720,Mask,235,299,389,459
MaskNet - Resized (12).jpg,540,720,Mask,199,365,266,530
MaskNet - Resized (120).jpg,540,720,Mask,207,359,325,467
MaskNet - Resized (121).jpg,540,720,Mask,183,319,330,498
MaskNet - Resized (122).jpg,540,720,Mask,177,215,327,453
MaskNet - Resized (123).jpg,540,720,Mask,220,433,419,573
MaskNet - Resized (124).jpg,540,720,Mask,180,424,289,624
MaskNet - Resized (125).jpg,540,720,Mask,212,258,344,349
MaskNet - Resized (126).jpg,540,720,Mask,148,259,291,345
MaskNet - Resized (127).jpg,540,720,Mask,234,372,365,450
MaskNet - Resized (128).jpg,540,720,Mask,233,443,287,515
MaskNet - Resized (129).jpg,540,720,Mask,269,418,358,465
MaskNet - Resized (13).jpg,540,720,Mask,198,539,257,653
MaskNet - Resized (130).jpg,540,720,Mask,339,334,411,439
MaskNet - Resized (131).jpg,540,720,Mask,286,522,356,567
MaskNet - Resized (132).jpg,540,720,Mask,145,353,412,518
MaskNet - Resized (133).jpg,540,720,Mask,226,209,391,455
MaskNet - Resized (134).jpg,540,720,Mask,235,209,347,424
MaskNet - Resized (135).jpg,540,720,Mask,237,200,385,476
MaskNet - Resized (136).jpg,540,720,Mask,225,473,390,585
MaskNet - Resized (137).jpg,540,720,Mask,177,348,437,467
MaskNet - Resized (138).jpg,540,720,Mask,202,246,495,436
MaskNet - Resized (139).jpg,540,720,Mask,224,262,345,421
MaskNet - Resized (14).jpg,540,720,Mask,134,408,324,515
MaskNet - Resized (140).jpg,540,720,Mask,162,208,346,345
MaskNet - Resized (141).jpg,540,720,Mask,218,325,296,459
MaskNet - Resized (142).jpg,540,720,Mask,199,431,368,583
MaskNet - Resized (143).jpg,540,720,Mask,220,309,293,414
MaskNet - Resized (144).jpg,540,720,Mask,224,168,424,503
MaskNet - Resized (145).jpg,540,720,Mask,195,172,398,395
MaskNet - Resized (146).jpg,540,720,Mask,209,390,386,537
MaskNet - Resized (147).jpg,540,720,Mask,254,262,480,386
MaskNet - Resized (148).jpg,540,720,Mask,259,335,355,405
MaskNet - Resized (149).jpg,540,720,Mask,207,432,322,508
MaskNet - Resized (15).jpg,540,720,Mask,198,415,283,534
MaskNet - Resized (150).jpg,540,720,Mask,236,346,368,483
MaskNet - Resized (151).jpg,540,720,Mask,86,309,271,600
MaskNet - Resized (152).jpg,540,720,Mask,238,359,431,517
MaskNet - Resized (153).jpg,540,720,Mask,286,165,427,399
MaskNet - Resized (154).jpg,540,720,Mask,189,308,397,468
MaskNet - Resized (155).jpg,540,720,Mask,130,306,424,426
MaskNet - Resized (156).jpg,540,720,Mask,165,176,331,555
MaskNet - Resized (157).jpg,540,720,Mask,107,252,418,382
MaskNet - Resized (158).jpg,540,720,Mask,243,150,401,341
MaskNet - Resized (159).jpg,540,720,Mask,103,228,469,392
MaskNet - Resized (16).jpg,540,720,Mask,198,398,370,548
MaskNet - Resized (160).jpg,540,720,Mask,148,144,305,544
MaskNet - Resized (161).jpg,540,720,Mask,98,76,371,443
MaskNet - Resized (162).jpg,540,720,Mask,179,238,537,436
MaskNet - Resized (163).jpg,540,720,Mask,104,241,522,424
MaskNet - Resized (164).jpg,540,720,Mask,33,282,404,449
MaskNet - Resized (165).jpg,540,720,Mask,194,132,348,551
MaskNet - Resized (166).jpg,540,720,Mask,143,121,437,720
MaskNet - Resized (167).jpg,540,720,Mask,190,70,361,467
MaskNet - Resized (168).jpg,540,720,Mask,83,266,468,436
MaskNet - Resized (169).jpg,540,720,Mask,220,285,307,475
MaskNet - Resized (17).jpg,540,720,Mask,159,335,380,598
MaskNet - Resized (170).jpg,540,720,Mask,130,268,368,414
MaskNet - Resized (171).jpg,540,720,Mask,201,307,362,385
MaskNet - Resized (172).jpg,540,720,Mask,198,245,339,412
MaskNet - Resized (173).jpg,540,720,Mask,278,349,423,490
MaskNet - Resized (174).jpg,540,720,Mask,139,230,355,468
MaskNet - Resized (175).jpg,540,720,Mask,179,271,377,486
MaskNet - Resized (176).jpg,540,720,Mask,148,303,327,502
MaskNet - Resized (177).jpg,540,720,Mask,189,257,417,478
MaskNet - Resized (178).jpg,540,720,Mask,155,330,447,486
MaskNet - Resized (179).jpg,540,720,Mask,214,218,432,571
MaskNet - Resized (18).jpg,540,720,Mask,109,346,233,514
MaskNet - Resized (180).jpg,540,720,Mask,166,136,462,441
MaskNet - Resized (181).jpg,540,720,Mask,186,243,344,553
MaskNet - Resized (182).jpg,540,720,Mask,150,170,450,421
MaskNet - Resized (183).jpg,540,720,Mask,89,359,447,516
MaskNet - Resized (184).jpg,540,720,Mask,99,279,286,514
MaskNet - Resized (185).jpg,540,720,Mask,167,151,458,388
MaskNet - Resized (186).jpg,540,720,Mask,133,247,282,533
MaskNet - Resized (187).jpg,540,720,Mask,128,215,468,465
MaskNet - Resized (188).jpg,540,720,Mask,8,259,260,553
MaskNet - Resized (189).jpg,540,720,Mask,42,283,373,644
MaskNet - Resized (19).jpg,540,720,Mask,203,390,275,556
MaskNet - Resized (190).jpg,540,720,Mask,156,289,439,644
MaskNet - Resized (191).jpg,540,720,Mask,125,231,489,416
MaskNet - Resized (192).jpg,540,720,Mask,115,277,441,594
MaskNet - Resized (193).jpg,540,720,Mask,168,205,355,545
MaskNet - Resized (194).jpg,540,720,Mask,169,277,483,465
MaskNet - Resized (195).jpg,540,720,Mask,177,91,396,491
MaskNet - Resized (196).jpg,540,720,Mask,108,212,417,378
MaskNet - Resized (197).jpg,540,720,Mask,130,221,431,512
MaskNet - Resized (198).jpg,540,720,Mask,96,287,352,692
MaskNet - Resized (199).jpg,540,720,Mask,210,257,424,642
MaskNet - Resized (2).jpg,540,720,Mask,91,289,300,447
MaskNet - Resized (20).jpg,540,720,Mask,264,386,380,489
MaskNet - Resized (200).jpg,540,720,Mask,169,363,480,508
MaskNet - Resized (201).jpg,540,720,Mask,179,299,415,585
MaskNet - Resized (202).jpg,540,720,Mask,161,290,399,612
MaskNet - Resized (203).jpg,540,720,Mask,186,306,443,468
MaskNet - Resized (204).jpg,540,720,Mask,83,268,348,659
MaskNet - Resized (205).jpg,540,720,Mask,253,286,332,415
MaskNet - Resized (206).jpg,540,720,Mask,213,312,349,447
MaskNet - Resized (207).jpg,540,720,Mask,151,281,344,371
MaskNet - Resized (208).jpg,540,720,Mask,201,309,295,462
MaskNet - Resized (209).jpg,540,720,Mask,160,313,350,489
MaskNet - Resized (21).jpg,540,720,Mask,222,289,295,410
MaskNet - Resized (210).jpg,540,720,Mask,102,304,443,457
MaskNet - Resized (211).jpg,540,720,Mask,192,342,362,430
MaskNet - Resized (212).jpg,540,720,Mask,230,327,308,459
MaskNet - Resized (213).jpg,540,720,Mask,165,317,354,484
MaskNet - Resized (214).jpg,540,720,Mask,168,340,387,501
MaskNet - Resized (215).jpg,540,720,Mask,171,263,386,371
MaskNet - Resized (216).jpg,540,720,Mask,197,266,307,501
MaskNet - Resized (217).jpg,540,720,Mask,225,302,334,518
MaskNet - Resized (218).jpg,540,720,Mask,126,313,345,424
MaskNet - Resized (219).jpg,540,720,Mask,109,308,359,414
MaskNet - Resized (22).jpg,540,720,Mask,204,322,375,427
MaskNet - Resized (220).jpg,540,720,Mask,175,248,318,532
MaskNet - Resized (221).jpg,540,720,Mask,89,220,374,389
MaskNet - Resized (222).jpg,540,720,Mask,155,170,329,568
MaskNet - Resized (223).jpg,540,720,Mask,23,177,535,367
MaskNet - Resized (224).jpg,540,720,Mask,194,45,412,475
MaskNet - Resized (225).jpg,540,720,Mask,51,107,540,428
MaskNet - Resized (226).jpg,540,720,Mask,147,189,464,401
MaskNet - Resized (227).jpg,540,720,Mask,209,109,382,432
MaskNet - Resized (228).jpg,540,720,Mask,87,266,442,416
MaskNet - Resized (229).jpg,540,720,Mask,183,365,309,473
MaskNet - Resized (23).jpg,540,720,Mask,227,415,392,482
MaskNet - Resized (230).jpg,540,720,Mask,168,357,383,528
MaskNet - Resized (231).jpg,540,720,Mask,166,281,361,474
MaskNet - Resized (232).jpg,540,720,Mask,112,298,361,450
MaskNet - Resized (233).jpg,540,720,Mask,133,334,398,541
MaskNet - Resized (234).jpg,540,720,Mask,112,337,263,470
MaskNet - Resized (235).jpg,540,720,Mask,159,324,327,541
MaskNet - Resized (236).jpg,540,720,Mask,199,326,412,567
MaskNet - Resized (237).jpg,540,720,Mask,104,321,424,503
MaskNet - Resized (238).jpg,540,720,Mask,50,208,264,466
MaskNet - Resized (239).jpg,540,720,Mask,171,271,371,581
MaskNet - Resized (24).jpg,540,720,Mask,204,429,325,544
MaskNet - Resized (240).jpg,540,720,Mask,166,237,371,488
MaskNet - Resized (241).jpg,540,720,Mask,127,230,309,512
MaskNet - Resized (242).jpg,540,720,Mask,136,155,346,462
MaskNet - Resized (243).jpg,540,720,Mask,140,166,419,399
MaskNet - Resized (244).jpg,540,720,Mask,142,271,301,468
MaskNet - Resized (245).jpg,540,720,Mask,160,321,417,468
MaskNet - Resized (246).jpg,540,720,Mask,137,297,377,459
MaskNet - Resized (247).jpg,540,720,Mask,30,185,228,408
MaskNet - Resized (248).jpg,540,720,Mask,87,219,300,407
MaskNet - Resized (249).jpg,540,720,Mask,2,166,289,367
MaskNet - Resized (25).jpg,540,720,Mask,156,294,300,428
MaskNet - Resized (250).jpg,540,720,Mask,151,366,320,592
MaskNet - Resized (251).jpg,540,720,Mask,124,401,334,592
MaskNet - Resized (252).jpg,540,720,Mask,192,444,425,656
MaskNet - Resized (253).jpg,540,720,Mask,40,405,371,608
MaskNet - Resized (254).jpg,540,720,Mask,220,416,368,498
MaskNet - Resized (255).jpg,540,720,Mask,204,368,349,556
MaskNet - Resized (256).jpg,540,720,Mask,102,300,314,489
MaskNet - Resized (257).jpg,540,720,Mask,192,358,441,528
MaskNet - Resized (258).jpg,540,720,Mask,170,370,418,544
MaskNet - Resized (259).jpg,540,720,Mask,201,421,403,657
MaskNet - Resized (26).jpg,540,720,Mask,175,277,248,409
MaskNet - Resized (260).jpg,540,720,Mask,133,358,409,545
MaskNet - Resized (261).jpg,540,720,Mask,60,338,351,466
MaskNet - Resized (262).jpg,540,720,Mask,87,302,265,506
MaskNet - Resized (263).jpg,540,720,Mask,62,359,348,512
MaskNet - Resized (264).jpg,540,720,Mask,140,345,378,516
MaskNet - Resized (265).jpg,540,720,Mask,155,315,415,480
MaskNet - Resized (266).jpg,540,720,Mask,268,274,386,468
MaskNet - Resized (267).jpg,540,720,Mask,146,254,372,436
MaskNet - Resized (268).jpg,540,720,Mask,157,366,433,614
MaskNet - Resized (269).jpg,540,720,Mask,169,210,352,488
MaskNet - Resized (27).jpg,540,720,Mask,192,279,267,415
MaskNet - Resized (270).jpg,540,720,Mask,151,209,372,453
MaskNet - Resized (271).jpg,540,720,Mask,193,147,384,379
MaskNet - Resized (272).jpg,540,720,Mask,107,130,371,264
MaskNet - Resized (273).jpg,540,720,Mask,131,136,370,285
MaskNet - Resized (274).jpg,540,720,Mask,89,126,366,328
MaskNet - Resized (275).jpg,540,720,Mask,204,405,319,502
MaskNet - Resized (276).jpg,540,720,Mask,177,448,368,586
MaskNet - Resized (277).jpg,540,720,Mask,193,472,324,609
MaskNet - Resized (278).jpg,540,720,Mask,199,493,357,688
MaskNet - Resized (279).jpg,540,720,Mask,183,483,389,623
MaskNet - Resized (28).jpg,540,720,Mask,223,263,355,392
MaskNet - Resized (280).jpg,540,720,Mask,210,409,430,643
MaskNet - Resized (281).jpg,540,720,Mask,200,347,415,587
MaskNet - Resized (282).jpg,540,720,Mask,214,458,345,540
MaskNet - Resized (283).jpg,540,720,Mask,210,438,340,627
MaskNet - Resized (284).jpg,540,720,Mask,248,380,393,473
MaskNet - Resized (285).jpg,540,720,Mask,295,391,414,571
MaskNet - Resized (286).jpg,540,720,Mask,193,359,383,492
MaskNet - Resized (287).jpg,540,720,Mask,167,368,320,545
MaskNet - Resized (288).jpg,540,720,Mask,147,368,348,495
MaskNet - Resized (289).jpg,540,720,Mask,145,283,352,469
MaskNet - Resized (29).jpg,540,720,Mask,183,275,377,455
MaskNet - Resized (290).jpg,540,720,Mask,135,364,364,566
MaskNet - Resized (291).jpg,540,720,Mask,136,503,333,636
MaskNet - Resized (292).jpg,540,720,Mask,160,500,329,645
MaskNet - Resized (293).jpg,540,720,Mask,37,245,486,458
MaskNet - Resized (294).jpg,540,720,Mask,174,118,346,562
MaskNet - Resized (295).jpg,540,720,Mask,1,291,457,520
MaskNet - Resized (296).jpg,540,720,Mask,136,114,412,638
MaskNet - Resized (297).jpg,540,720,Mask,39,221,422,458
MaskNet - Resized (298).jpg,540,720,Mask,157,201,362,590
MaskNet - Resized (299).jpg,540,720,Mask,180,298,410,424
MaskNet - Resized (3).jpg,540,720,Mask,251,175,430,281
MaskNet - Resized (30).jpg,540,720,Mask,146,380,312,507
MaskNet - Resized (300).jpg,540,720,Mask,174,253,401,467
MaskNet - Resized (301).jpg,540,720,Mask,218,256,332,528
MaskNet - Resized (302).jpg,540,720,Mask,165,304,412,403
MaskNet - Resized (303).jpg,540,720,Mask,101,298,395,415
MaskNet - Resized (304).jpg,540,720,Mask,185,184,325,542
MaskNet - Resized (305).jpg,540,720,Mask,83,148,483,407
MaskNet - Resized (306).jpg,540,720,Mask,156,145,389,518
MaskNet - Resized (307).jpg,540,720,Mask,183,203,317,458
MaskNet - Resized (308).jpg,540,720,Mask,160,281,402,429
MaskNet - Resized (309).jpg,540,720,Mask,184,198,368,543
MaskNet - Resized (31).jpg,540,720,Mask,223,309,371,450
MaskNet - Resized (310).jpg,540,720,Mask,71,291,452,486
MaskNet - Resized (311).jpg,540,720,Mask,172,129,362,601
MaskNet - Resized (312).jpg,540,720,Mask,76,268,526,478
MaskNet - Resized (313).jpg,540,720,Mask,45,257,461,469
MaskNet - Resized (314).jpg,540,720,Mask,168,130,398,632
MaskNet - Resized (315).jpg,540,720,Mask,135,144,476,436
MaskNet - Resized (316).jpg,540,720,Mask,115,209,407,562
MaskNet - Resized (317).jpg,540,720,Mask,115,276,384,421
MaskNet - Resized (318).jpg,540,720,Mask,234,182,380,459
MaskNet - Resized (319).jpg,540,720,Mask,173,165,348,463
MaskNet - Resized (32).jpg,540,720,Mask,230,472,333,592
MaskNet - Resized (320).jpg,540,720,Mask,114,235,457,429
MaskNet - Resized (321).jpg,540,720,Mask,159,251,422,418
MaskNet - Resized (322).jpg,540,720,Mask,180,214,356,439
MaskNet - Resized (323).jpg,540,720,Mask,179,201,386,406
MaskNet - Resized (324).jpg,540,720,Mask,59,212,412,378
MaskNet - Resized (325).jpg,540,720,Mask,211,180,336,495
MaskNet - Resized (326).jpg,540,720,Mask,146,200,475,390
MaskNet - Resized (327).jpg,540,720,Mask,116,177,382,400
MaskNet - Resized (328).jpg,540,720,Mask,116,219,344,465
MaskNet - Resized (329).jpg,540,720,Mask,209,227,362,495
MaskNet - Resized (33).jpg,540,720,Mask,326,459,383,568
MaskNet - Resized (330).jpg,540,720,Mask,163,266,402,435
MaskNet - Resized (331).jpg,540,720,Mask,207,234,358,471
MaskNet - Resized (332).jpg,540,720,Mask,125,291,387,439
MaskNet - Resized (333).jpg,540,720,Mask,109,301,442,427
MaskNet - Resized (334).jpg,540,720,Mask,165,211,325,500
MaskNet - Resized (335).jpg,540,720,Mask,45,292,394,479
MaskNet - Resized (336).jpg,540,720,Mask,197,248,362,483
MaskNet - Resized (337).jpg,540,720,Mask,144,253,423,403
MaskNet - Resized (338).jpg,540,720,Mask,159,283,407,450
MaskNet - Resized (339).jpg,540,720,Mask,169,213,329,536
MaskNet - Resized (34).jpg,540,720,Mask,212,449,349,538
MaskNet - Resized (340).jpg,540,720,Mask,112,122,289,497
MaskNet - Resized (341).jpg,540,720,Mask,150,136,336,583
MaskNet - Resized (342).jpg,540,720,Mask,112,21,367,645
MaskNet - Resized (343).jpg,540,720,Mask,148,305,490,488
MaskNet - Resized (344).jpg,540,720,Mask,179,159,368,495
MaskNet - Resized (345).jpg,540,720,Mask,40,169,307,495
MaskNet - Resized (346).jpg,540,720,Mask,127,178,481,416
MaskNet - Resized (347).jpg,540,720,Mask,77,348,351,614
MaskNet - Resized (348).jpg,540,720,Mask,103,222,277,530
MaskNet - Resized (349).jpg,540,720,Mask,7,213,291,393
MaskNet - Resized (35).jpg,540,720,Mask,171,442,306,548
MaskNet - Resized (350).jpg,540,720,Mask,85,268,301,518
MaskNet - Resized (351).jpg,540,720,Mask,95,211,306,580
MaskNet - Resized (352).jpg,540,720,Mask,134,331,319,533
MaskNet - Resized (353).jpg,540,720,Mask,114,95,401,264
MaskNet - Resized (354).jpg,540,720,Mask,313,306,480,580
MaskNet - Resized (355).jpg,540,720,Mask,97,277,292,576
MaskNet - Resized (356).jpg,540,720,Mask,9,159,330,362
MaskNet - Resized (357).jpg,540,720,Mask,107,343,298,666
MaskNet - Resized (358).jpg,540,720,Mask,126,300,459,506
MaskNet - Resized (359).jpg,540,720,Mask,107,239,307,583
MaskNet - Resized (36).jpg,540,720,Mask,216,121,367,375
MaskNet - Resized (360).jpg,540,720,Mask,30,271,370,439
MaskNet - Resized (361).jpg,540,720,Mask,104,219,325,500
MaskNet - Resized (362).jpg,540,720,Mask,95,151,271,483
MaskNet - Resized (363).jpg,540,720,Mask,137,224,462,422
MaskNet - Resized (364).jpg,540,720,Mask,108,348,283,602
MaskNet - Resized (365).jpg,540,720,Mask,98,271,376,432
MaskNet - Resized (366).jpg,540,720,Mask,1,253,326,403
MaskNet - Resized (367).jpg,540,720,Mask,79,251,265,565
MaskNet - Resized (368).jpg,540,720,Mask,187,388,424,597
MaskNet - Resized (369).jpg,540,720,Mask,99,341,327,549
MaskNet - Resized (37).jpg,540,720,Mask,248,355,407,568
MaskNet - Resized (370).jpg,540,720,Mask,262,245,474,478
MaskNet - Resized (371).jpg,540,720,Mask,148,212,333,617
MaskNet - Resized (372).jpg,540,720,Mask,55,230,341,506
MaskNet - Resized (373).jpg,540,720,Mask,36,252,357,465
MaskNet - Resized (374).jpg,540,720,Mask,178,227,432,469
MaskNet - Resized (375).jpg,540,720,Mask,39,359,357,511
MaskNet - Resized (376).jpg,540,720,Mask,110,189,266,468
MaskNet - Resized (377).jpg,540,720,Mask,43,426,316,600
MaskNet - Resized (378).jpg,540,720,Mask,110,327,265,541
MaskNet - Resized (379).jpg,540,720,Mask,125,436,383,588
MaskNet - Resized (38).jpg,540,720,Mask,151,427,351,585
MaskNet - Resized (380).jpg,540,720,Mask,173,371,304,633
MaskNet - Resized (381).jpg,540,720,Mask,66,357,284,483
MaskNet - Resized (382).jpg,540,720,Mask,183,421,342,637
MaskNet - Resized (383).jpg,540,720,Mask,119,401,293,580
MaskNet - Resized (384).jpg,540,720,Mask,115,448,303,543
MaskNet - Resized (385).jpg,540,720,Mask,133,315,276,565
MaskNet - Resized (386).jpg,540,720,Mask,98,347,390,492
MaskNet - Resized (387).jpg,540,720,Mask,42,283,245,512
MaskNet - Resized (388).jpg,540,720,Mask,21,213,318,550
MaskNet - Resized (389).jpg,540,720,Mask,46,351,376,609
MaskNet - Resized (39).jpg,540,720,Mask,213,392,341,484
MaskNet - Resized (390).jpg,540,720,Mask,1,286,318,496
MaskNet - Resized (391).jpg,540,720,Mask,157,365,402,591
MaskNet - Resized (392).jpg,540,720,Mask,93,309,320,618
MaskNet - Resized (393).jpg,540,720,Mask,156,172,432,420
MaskNet - Resized (394).jpg,540,720,Mask,138,127,377,423
MaskNet - Resized (395).jpg,540,720,Mask,75,98,361,344
MaskNet - Resized (396).jpg,540,720,Mask,18,159,348,421
MaskNet - Resized (397).jpg,540,720,Mask,30,289,432,469
MaskNet - Resized (398).jpg,540,720,Mask,21,258,391,473
MaskNet - Resized (399).jpg,540,720,Mask,148,280,359,606
MaskNet - Resized (4).jpg,540,720,Mask,121,128,366,618
MaskNet - Resized (40).jpg,540,720,Mask,229,488,281,587
MaskNet - Resized (400).jpg,540,720,Mask,87,304,419,498
MaskNet - Resized (401).jpg,540,720,Mask,108,395,310,589
MaskNet - Resized (402).jpg,540,720,Mask,145,353,330,542
MaskNet - Resized (403).jpg,540,720,Mask,112,220,230,462
MaskNet - Resized (404).jpg,540,720,Mask,114,330,362,465
MaskNet - Resized (405).jpg,540,720,Mask,239,232,403,456
MaskNet - Resized (406).jpg,540,720,Mask,99,306,318,574
MaskNet - Resized (407).jpg,540,720,Mask,46,299,342,473
MaskNet - Resized (408).jpg,540,720,Mask,188,334,355,576
MaskNet - Resized (409).jpg,540,720,Mask,35,227,286,397
MaskNet - Resized (41).jpg,540,720,Mask,142,430,308,524
MaskNet - Resized (410).jpg,540,720,Mask,253,182,453,436
MaskNet - Resized (411).jpg,540,720,Mask,42,360,330,553
MaskNet - Resized (412).jpg,540,720,Mask,102,292,289,534
MaskNet - Resized (413).jpg,540,720,Mask,96,273,384,512
MaskNet - Resized (414).jpg,540,720,Mask,189,205,453,426
MaskNet - Resized (415).jpg,540,720,Mask,68,187,363,417
MaskNet - Resized (416).jpg,540,720,Mask,167,189,363,593
MaskNet - Resized (417).jpg,540,720,Mask,106,216,442,495
MaskNet - Resized (418).jpg,540,720,Mask,169,142,412,568
MaskNet - Resized (419).jpg,540,720,Mask,1,143,397,441
MaskNet - Resized (42).jpg,540,720,Mask,190,368,401,508
MaskNet - Resized (420).jpg,540,720,Mask,1,186,416,428
MaskNet - Resized (421).jpg,540,720,Mask,86,92,290,547
MaskNet - Resized (422).jpg,540,720,Mask,48,186,318,530
MaskNet - Resized (423).jpg,540,720,Mask,135,281,362,542
MaskNet - Resized (424).jpg,540,720,Mask,70,322,383,473
MaskNet - Resized (425).jpg,540,720,Mask,112,325,319,601
MaskNet - Resized (426).jpg,540,720,Mask,62,327,433,492
MaskNet - Resized (427).jpg,540,720,Mask,104,430,430,577
MaskNet - Resized (428).jpg,540,720,Mask,98,337,258,644
MaskNet - Resized (429).jpg,540,720,Mask,78,371,426,532
MaskNet - Resized (43).jpg,540,720,Mask,222,409,334,591
MaskNet - Resized (430).jpg,540,720,Mask,81,306,274,570
MaskNet - Resized (431).jpg,540,720,Mask,1,269,265,565
MaskNet - Resized (432).jpg,540,720,Mask,134,356,412,550
MaskNet - Resized (433).jpg,540,720,Mask,127,377,293,681
MaskNet - Resized (434).jpg,540,720,Mask,140,300,397,477
MaskNet - Resized (435).jpg,540,720,Mask,82,321,333,468
MaskNet - Resized (436).jpg,540,720,Mask,117,279,289,493
MaskNet - Resized (437).jpg,540,720,Mask,95,230,232,442
MaskNet - Resized (438).jpg,540,720,Mask,70,338,364,459
MaskNet - Resized (439).jpg,540,720,Mask,16,295,291,440
MaskNet - Resized (44).jpg,540,720,Mask,303,539,374,630
MaskNet - Resized (440).jpg,540,720,Mask,4,253,180,508
MaskNet - Resized (441).jpg,540,720,Mask,89,304,324,448
MaskNet - Resized (442).jpg,540,720,Mask,124,301,265,549
MaskNet - Resized (443).jpg,540,720,Mask,168,183,391,349
MaskNet - Resized (444).jpg,540,720,Mask,101,298,310,400
MaskNet - Resized (445).jpg,540,720,Mask,4,318,324,537
MaskNet - Resized (446).jpg,540,720,Mask,68,241,321,506
MaskNet - Resized (447).jpg,540,720,Mask,43,248,434,466
MaskNet - Resized (448).jpg,540,720,Mask,74,159,396,558
MaskNet - Resized (449).jpg,540,720,Mask,1,208,427,440
MaskNet - Resized (45).jpg,540,720,Mask,204,499,309,609
MaskNet - Resized (450).jpg,540,720,Mask,107,208,398,400
MaskNet - Resized (451).jpg,540,720,Mask,80,196,485,395
MaskNet - Resized (452).jpg,540,720,Mask,82,117,362,474
MaskNet - Resized (453).jpg,540,720,Mask,157,295,239,463
MaskNet - Resized (454).jpg,540,720,Mask,171,327,362,425
MaskNet - Resized (455).jpg,540,720,Mask,171,347,339,476
MaskNet - Resized (456).jpg,540,720,Mask,127,172,265,385
MaskNet - Resized (457).jpg,540,720,Mask,218,186,409,396
MaskNet - Resized (458).jpg,540,720,Mask,84,191,332,368
MaskNet - Resized (459).jpg,540,720,Mask,117,235,280,430
MaskNet - Resized (46).jpg,540,720,Mask,212,369,312,490
MaskNet - Resized (460).jpg,540,720,Mask,106,209,282,443
MaskNet - Resized (461).jpg,540,720,Mask,120,69,331,366
MaskNet - Resized (462).jpg,540,720,Mask,258,333,414,548
MaskNet - Resized (463).jpg,540,720,Mask,229,121,442,320
MaskNet - Resized (464).jpg,540,720,Mask,212,300,374,512
MaskNet - Resized (465).jpg,540,720,Mask,80,199,321,488
MaskNet - Resized (466).jpg,540,720,Mask,117,395,301,629
MaskNet - Resized (467).jpg,540,720,Mask,18,412,357,651
MaskNet - Resized (468).jpg,540,720,Mask,1,371,258,664
MaskNet - Resized (469).jpg,540,720,Mask,145,368,425,598
MaskNet - Resized (47).jpg,540,720,Mask,198,362,329,448
MaskNet - Resized (470).jpg,540,720,Mask,92,317,407,536
MaskNet - Resized (471).jpg,540,720,Mask,39,386,385,650
MaskNet - Resized (472).jpg,540,720,Mask,107,390,378,599
MaskNet - Resized (473).jpg,540,720,Mask,94,348,287,527
MaskNet - Resized (474).jpg,540,720,Mask,219,323,388,461
MaskNet - Resized (475).jpg,540,720,Mask,262,306,395,434
MaskNet - Resized (476).jpg,540,720,Mask,159,324,338,445
MaskNet - Resized (477).jpg,540,720,Mask,109,259,373,416
MaskNet - Resized (478).jpg,540,720,Mask,92,211,341,498
MaskNet - Resized (479).jpg,540,720,Mask,68,215,339,530
MaskNet - Resized (48).jpg,540,720,Mask,236,369,409,456
MaskNet - Resized (480).jpg,540,720,Mask,8,261,425,487
MaskNet - Resized (481).jpg,540,720,Mask,65,186,341,553
MaskNet - Resized (482).jpg,540,720,Mask,1,221,313,447
MaskNet - Resized (483).jpg,540,720,Mask,1,208,174,472
MaskNet - Resized (484).jpg,540,720,Mask,1,306,306,523
MaskNet - Resized (485).jpg,540,720,Mask,32,167,187,584
MaskNet - Resized (486).jpg,540,720,Mask,22,143,265,507
MaskNet - Resized (487).jpg,540,720,Mask,56,161,279,533
MaskNet - Resized (488).jpg,540,720,Mask,16,167,277,456
MaskNet - Resized (489).jpg,540,720,Mask,149,218,396,336
MaskNet - Resized (49).jpg,540,720,Mask,215,355,368,521
MaskNet - Resized (490).jpg,540,720,Mask,81,124,373,579
MaskNet - Resized (491).jpg,540,720,Mask,40,436,327,557
MaskNet - Resized (492).jpg,540,720,Mask,96,400,268,720
MaskNet - Resized (493).jpg,540,720,Mask,1,392,333,562
MaskNet - Resized (494).jpg,540,720,Mask,1,369,345,588
MaskNet - Resized (495).jpg,540,720,Mask,105,340,332,720
MaskNet - Resized (496).jpg,540,720,Mask,21,292,339,558
MaskNet - Resized (497).jpg,540,720,Mask,9,321,385,503
MaskNet - Resized (498).jpg,540,720,Mask,1,313,230,613
MaskNet - Resized (499).jpg,540,720,Mask,183,223,405,656
MaskNet - Resized (5).jpg,540,720,Mask,171,237,312,416
MaskNet - Resized (50).jpg,540,720,Mask,247,404,345,491
MaskNet - Resized (500).jpg,540,720,Mask,45,394,479,593
MaskNet - Resized (501).jpg,540,720,Mask,49,401,373,533
MaskNet - Resized (502).jpg,540,720,Mask,131,264,246,520
MaskNet - Resized (503).jpg,540,720,Mask,239,343,472,444
MaskNet - Resized (504).jpg,540,720,Mask,124,380,325,567
MaskNet - Resized (505).jpg,540,720,Mask,151,243,312,412
MaskNet - Resized (506).jpg,540,720,Mask,93,333,304,633
MaskNet - Resized (507).jpg,540,720,Mask,21,400,383,653
MaskNet - Resized (508).jpg,540,720,Mask,21,347,365,551
MaskNet - Resized (509).jpg,540,720,Mask,53,313,283,595
MaskNet - Resized (51).jpg,540,720,Mask,271,486,353,561
MaskNet - Resized (510).jpg,540,720,Mask,96,324,492,577
MaskNet - Resized (511).jpg,540,720,Mask,133,227,329,539
MaskNet - Resized (512).jpg,540,720,Mask,33,276,371,541
MaskNet - Resized (513).jpg,540,720,Mask,122,345,340,645
MaskNet - Resized (514).jpg,540,720,Mask,44,324,384,550
MaskNet - Resized (515).jpg,540,720,Mask,123,310,369,565
MaskNet - Resized (516).jpg,540,720,Mask,47,263,327,676
MaskNet - Resized (517).jpg,540,720,Mask,110,275,492,583
MaskNet - Resized (518).jpg,540,720,Mask,107,342,401,563
MaskNet - Resized (519).jpg,540,720,Mask,86,377,327,609
MaskNet - Resized (52).jpg,540,720,Mask,226,584,290,653
MaskNet - Resized (520).jpg,540,720,Mask,60,386,378,558
MaskNet - Resized (521).jpg,540,720,Mask,39,328,285,592
MaskNet - Resized (522).jpg,540,720,Mask,157,269,321,550
MaskNet - Resized (523).jpg,540,720,Mask,1,235,301,576
MaskNet - Resized (524).jpg,540,720,Mask,124,321,398,492
MaskNet - Resized (525).jpg,540,720,Mask,116,285,273,639
MaskNet - Resized (526).jpg,540,720,Mask,14,303,312,462
MaskNet - Resized (527).jpg,540,720,Mask,115,288,301,565
MaskNet - Resized (528).jpg,540,720,Mask,126,322,397,521
MaskNet - Resized (529).jpg,540,720,Mask,100,320,307,596
MaskNet - Resized (53).jpg,540,720,Mask,182,589,280,644
MaskNet - Resized (530).jpg,540,720,Mask,34,270,283,471
MaskNet - Resized (531).jpg,540,720,Mask,139,247,384,495
MaskNet - Resized (532).jpg,540,720,Mask,172,302,370,525
MaskNet - Resized (533).jpg,540,720,Mask,68,230,473,430
MaskNet - Resized (534).jpg,540,720,Mask,210,345,415,532
MaskNet - Resized (535).jpg,540,720,Mask,31,322,245,564
MaskNet - Resized (536).jpg,540,720,Mask,86,457,354,595
MaskNet - Resized (537).jpg,540,720,Mask,146,329,321,641
MaskNet - Resized (538).jpg,540,720,Mask,20,249,300,556
MaskNet - Resized (539).jpg,540,720,Mask,36,351,314,639
MaskNet - Resized (54).jpg,540,720,Mask,266,471,368,647
MaskNet - Resized (540).jpg,540,720,Mask,93,301,328,542
MaskNet - Resized (541).jpg,540,720,Mask,43,444,360,629
MaskNet - Resized (542).jpg,540,720,Mask,174,100,414,446
MaskNet - Resized (543).jpg,540,720,Mask,33,368,337,582
MaskNet - Resized (544).jpg,540,720,Mask,136,422,361,555
MaskNet - Resized (545).jpg,540,720,Mask,122,376,303,644
MaskNet - Resized (546).jpg,540,720,Mask,126,339,433,497
MaskNet - Resized (547).jpg,540,720,Mask,157,330,442,550
MaskNet - Resized (548).jpg,540,720,Mask,177,336,504,480
MaskNet - Resized (549).jpg,540,720,Mask,162,274,342,512
MaskNet - Resized (55).jpg,540,720,Mask,251,559,377,653
MaskNet - Resized (550).jpg,540,720,Mask,79,351,426,505
MaskNet - Resized (551).jpg,540,720,Mask,84,176,280,545
MaskNet - Resized (552).jpg,540,720,Mask,154,435,281,563
MaskNet - Resized (553).jpg,540,720,Mask,280,276,456,375
MaskNet - Resized (554).jpg,540,720,Mask,136,330,259,458
MaskNet - Resized (555).jpg,540,720,Mask,167,409,330,539
MaskNet - Resized (556).jpg,540,720,Mask,107,356,234,565
MaskNet - Resized (557).jpg,540,720,Mask,151,276,424,403
MaskNet - Resized (558).jpg,540,720,Mask,62,252,266,520
MaskNet - Resized (559).jpg,540,720,Mask,207,329,379,548
MaskNet - Resized (56).jpg,540,720,Mask,253,454,357,540
MaskNet - Resized (560).jpg,540,720,Mask,133,426,335,629
MaskNet - Resized (561).jpg,540,720,Mask,129,346,268,612
MaskNet - Resized (562).jpg,540,720,Mask,236,406,540,609
MaskNet - Resized (563).jpg,540,720,Mask,54,250,390,456
MaskNet - Resized (564).jpg,540,720,Mask,120,245,315,562
MaskNet - Resized (565).jpg,540,720,Mask,1,297,316,480
MaskNet - Resized (566).jpg,540,720,Mask,11,354,310,643
MaskNet - Resized (567).jpg,540,720,Mask,30,336,365,636
MaskNet - Resized (568).jpg,540,720,Mask,195,265,507,559
MaskNet - Resized (569).jpg,540,720,Mask,107,257,417,484
MaskNet - Resized (57).jpg,540,720,Mask,259,451,366,578
MaskNet - Resized (570).jpg,540,720,Mask,130,259,462,548
MaskNet - Resized (571).jpg,540,720,Mask,220,109,360,423
MaskNet - Resized (572).jpg,540,720,Mask,158,280,366,621
MaskNet - Resized (573).jpg,540,720,Mask,36,400,383,650
MaskNet - Resized (574).jpg,540,720,Mask,109,326,442,533
MaskNet - Resized (575).jpg,540,720,Mask,116,284,330,639
MaskNet - Resized (576).jpg,540,720,Mask,110,268,381,581
MaskNet - Resized (577).jpg,540,720,Mask,104,271,398,595
MaskNet - Resized (578).jpg,540,720,Mask,62,292,437,532
MaskNet - Resized (579).jpg,540,720,Mask,99,223,345,597
MaskNet - Resized (58).jpg,540,720,Mask,215,456,345,527
MaskNet - Resized (580).jpg,540,720,Mask,19,307,419,495
MaskNet - Resized (581).jpg,540,720,Mask,42,195,304,519
MaskNet - Resized (582).jpg,540,720,Mask,45,287,369,461
MaskNet - Resized (583).jpg,540,720,Mask,92,240,335,464
MaskNet - Resized (584).jpg,540,720,Mask,108,231,307,533
MaskNet - Resized (585).jpg,540,720,Mask,1,274,347,437
MaskNet - Resized (586).jpg,540,720,Mask,1,238,412,563
MaskNet - Resized (587).jpg,540,720,Mask,48,254,342,606
MaskNet - Resized (588).jpg,540,720,Mask,54,274,316,518
MaskNet - Resized (589).jpg,540,720,Mask,1,252,304,570
MaskNet - Resized (59).jpg,540,720,Mask,103,363,492,589
MaskNet - Resized (590).jpg,540,720,Mask,1,293,341,452
MaskNet - Resized (591).jpg,540,720,Mask,45,300,355,562
MaskNet - Resized (592).jpg,540,720,Mask,103,267,329,540
MaskNet - Resized (593).jpg,540,720,Mask,19,353,304,489
MaskNet - Resized (594).jpg,540,720,Mask,1,321,266,455
MaskNet - Resized (595).jpg,540,720,Mask,292,252,540,517
MaskNet - Resized (596).jpg,540,720,Mask,1,70,253,367
MaskNet - Resized (597).jpg,540,720,Mask,192,274,390,491
MaskNet - Resized (598).jpg,540,720,Mask,76,296,422,437
MaskNet - Resized (599).jpg,540,720,Mask,65,259,381,541
MaskNet - Resized (6).jpg,540,720,Mask,223,438,304,607
MaskNet - Resized (60).jpg,540,720,Mask,55,497,254,604
MaskNet - Resized (600).jpg,540,720,Mask,97,256,362,469
MaskNet - Resized (601).jpg,540,720,Mask,1,266,350,447
MaskNet - Resized (602).jpg,540,720,Mask,77,264,327,548
MaskNet - Resized (603).jpg,540,720,Mask,26,362,374,630
MaskNet - Resized (604).jpg,540,720,Mask,81,189,439,491
MaskNet - Resized (605).jpg,540,720,Mask,70,322,449,566
MaskNet - Resized (606).jpg,540,720,Mask,157,409,501,608
MaskNet - Resized (607).jpg,540,720,Mask,277,211,540,533
MaskNet - Resized (608).jpg,540,720,Mask,86,280,337,655
MaskNet - Resized (609).jpg,540,720,Mask,1,317,348,534
MaskNet - Resized (61).jpg,540,720,Mask,133,492,333,618
MaskNet - Resized (610).jpg,540,720,Mask,157,293,391,587
MaskNet - Resized (611).jpg,540,720,Mask,124,354,478,606
MaskNet - Resized (612).jpg,540,720,Mask,1,251,348,563
MaskNet - Resized (613).jpg,540,720,Mask,207,292,404,528
MaskNet - Resized (614).jpg,540,720,Mask,319,356,497,712
MaskNet - Resized (615).jpg,540,720,Mask,107,386,404,618
MaskNet - Resized (616).jpg,540,720,Mask,196,315,440,566
MaskNet - Resized (617).jpg,540,720,Mask,121,333,443,481
MaskNet - Resized (618).jpg,540,720,Mask,288,226,466,505
MaskNet - Resized (619).jpg,540,720,Mask,173,378,489,646
MaskNet - Resized (62).jpg,540,720,Mask,211,325,329,474
MaskNet - Resized (620).jpg,540,720,Mask,142,347,455,483
MaskNet - Resized (621).jpg,540,720,Mask,127,373,398,573
MaskNet - Resized (622).jpg,540,720,Mask,1,333,281,577
MaskNet - Resized (623).jpg,540,720,Mask,27,303,340,534
MaskNet - Resized (624).jpg,540,720,Mask,1,395,330,608
MaskNet - Resized (625).jpg,540,720,Mask,48,359,395,566
MaskNet - Resized (626).jpg,540,720,Mask,111,291,365,686
MaskNet - Resized (627).jpg,540,720,Mask,161,209,394,556
MaskNet - Resized (628).jpg,540,720,Mask,107,289,368,610
MaskNet - Resized (629).jpg,540,720,Mask,42,288,358,559
MaskNet - Resized (63).jpg,540,720,Mask,135,425,267,568
MaskNet - Resized (630).jpg,540,720,Mask,146,406,342,512
MaskNet - Resized (631).jpg,540,720,Mask,189,332,298,571
MaskNet - Resized (632).jpg,540,720,Mask,52,323,409,480
MaskNet - Resized (633).jpg,540,720,Mask,176,174,374,383
MaskNet - Resized (634).jpg,540,720,Mask,1,334,364,470
MaskNet - Resized (635).jpg,540,720,Mask,177,189,435,479
MaskNet - Resized (636).jpg,540,720,Mask,77,277,355,488
MaskNet - Resized (637).jpg,540,720,Mask,65,170,280,490
MaskNet - Resized (638).jpg,540,720,Mask,89,232,414,372
MaskNet - Resized (639).jpg,540,720,Mask,52,210,315,511
MaskNet - Resized (64).jpg,540,720,Mask,77,330,314,580
MaskNet - Resized (640).jpg,540,720,Mask,111,289,412,440
MaskNet - Resized (641).jpg,540,720,Mask,170,288,327,386
MaskNet - Resized (642).jpg,540,720,Mask,249,295,335,459
MaskNet - Resized (643).jpg,540,720,Mask,206,235,386,345
MaskNet - Resized (644).jpg,540,720,Mask,192,340,359,472
MaskNet - Resized (645).jpg,540,720,Mask,30,267,351,412
MaskNet - Resized (646).jpg,540,720,Mask,84,92,339,363
MaskNet - Resized (647).jpg,540,720,Mask,48,135,444,315
MaskNet - Resized (648).jpg,540,720,Mask,156,68,414,374
MaskNet - Resized (649).jpg,540,720,Mask,144,94,277,449
MaskNet - Resized (65).jpg,540,720,Mask,124,300,294,489
MaskNet - Resized (650).jpg,540,720,Mask,171,146,489,324
MaskNet - Resized (651).jpg,540,720,Mask,269,409,346,548
MaskNet - Resized (652).jpg,540,720,Mask,177,435,322,520
MaskNet - Resized (653).jpg,540,720,Mask,236,342,362,419
MaskNet - Resized (654).jpg,540,720,Mask,194,314,311,421
MaskNet - Resized (655).jpg,540,720,Mask,183,357,292,448
MaskNet - Resized (656).jpg,540,720,Mask,251,348,316,439
MaskNet - Resized (657).jpg,540,720,Mask,174,278,295,520
MaskNet - Resized (658).jpg,540,720,Mask,171,297,392,490
MaskNet - Resized (659).jpg,540,720,Mask,95,364,469,528
MaskNet - Resized (66).jpg,540,720,Mask,218,221,345,506
MaskNet - Resized (660).jpg,540,720,Mask,209,171,347,461
MaskNet - Resized (661).jpg,540,720,Mask,159,248,451,389
MaskNet - Resized (662).jpg,540,720,Mask,99,260,434,461
MaskNet - Resized (663).jpg,540,720,Mask,65,224,371,473
MaskNet - Resized (664).jpg,540,720,Mask,116,134,325,503
MaskNet - Resized (665).jpg,540,720,Mask,121,450,368,562
MaskNet - Resized (666).jpg,540,720,Mask,164,239,430,536
MaskNet - Resized (667).jpg,540,720,Mask,118,252,374,531
MaskNet - Resized (668).jpg,540,720,Mask,49,230,399,474
MaskNet - Resized (669).jpg,540,720,Mask,19,255,411,429
MaskNet - Resized (67).jpg,540,720,Mask,171,469,299,530
MaskNet - Resized (670).jpg,540,720,Mask,183,291,351,634
MaskNet - Resized (671).jpg,540,720,Mask,7,295,373,480
MaskNet - Resized (672).jpg,540,720,Mask,64,434,285,569
MaskNet - Resized (673).jpg,540,720,Mask,67,370,330,480
MaskNet - Resized (674).jpg,540,720,Mask,132,319,366,619
MaskNet - Resized (675).jpg,540,720,Mask,27,294,329,443
MaskNet - Resized (676).jpg,540,720,Mask,24,330,407,496
MaskNet - Resized (677).jpg,540,720,Mask,192,265,385,619
MaskNet - Resized (678).jpg,540,720,Mask,72,321,348,593
MaskNet - Resized (679).jpg,540,720,Mask,18,303,354,512
MaskNet - Resized (68).jpg,540,720,Mask,186,268,359,436
MaskNet - Resized (680).jpg,540,720,Mask,108,324,427,495
MaskNet - Resized (681).jpg,540,720,Mask,1,392,280,586
MaskNet - Resized (682).jpg,540,720,Mask,62,277,244,615
MaskNet - Resized (683).jpg,540,720,Mask,157,320,324,639
MaskNet - Resized (684).jpg,540,720,Mask,183,286,499,606
MaskNet - Resized (685).jpg,540,720,Mask,84,295,423,506
MaskNet - Resized (686).jpg,540,720,Mask,123,229,472,471
MaskNet - Resized (687).jpg,540,720,Mask,1,256,348,448
MaskNet - Resized (688).jpg,540,720,Mask,21,315,406,500
MaskNet - Resized (689).jpg,540,720,Mask,114,237,328,619
MaskNet - Resized (69).jpg,540,720,Mask,136,242,281,415
MaskNet - Resized (690).jpg,540,720,Mask,77,299,407,494
MaskNet - Resized (691).jpg,540,720,Mask,51,310,369,527
MaskNet - Resized (692).jpg,540,720,Mask,78,216,243,522
MaskNet - Resized (693).jpg,540,720,Mask,222,209,426,415
MaskNet - Resized (694).jpg,540,720,Mask,92,215,280,483
MaskNet - Resized (695).jpg,540,720,Mask,158,250,404,563
MaskNet - Resized (696).jpg,540,720,Mask,24,271,403,494
MaskNet - Resized (697).jpg,540,720,Mask,23,224,206,524
MaskNet - Resized (698).jpg,540,720,Mask,1,220,300,450
MaskNet - Resized (699).jpg,540,720,Mask,1,192,338,453
MaskNet - Resized (7).jpg,540,720,Mask,173,335,281,477
MaskNet - Resized (70).jpg,540,720,Mask,204,395,321,465
MaskNet - Resized (700).jpg,540,720,Mask,112,224,432,444
MaskNet - Resized (701).jpg,540,720,Mask,79,112,271,507
MaskNet - Resized (702).jpg,540,720,Mask,1,146,330,376
MaskNet - Resized (703).jpg,540,720,Mask,120,264,435,412
MaskNet - Resized (704).jpg,540,720,Mask,51,148,311,480
MaskNet - Resized (705).jpg,540,720,Mask,111,232,424,541
MaskNet - Resized (706).jpg,540,720,Mask,47,186,380,449
MaskNet - Resized (707).jpg,540,720,Mask,241,241,407,430
MaskNet - Resized (708).jpg,540,720,Mask,176,294,414,414
MaskNet - Resized (709).jpg,540,720,Mask,118,305,418,445
MaskNet - Resized (71).jpg,540,720,Mask,229,462,321,559
MaskNet - Resized (710).jpg,540,720,Mask,120,199,375,412
MaskNet - Resized (711).jpg,540,720,Mask,34,63,248,372
MaskNet - Resized (712).jpg,540,720,Mask,33,161,364,351
MaskNet - Resized (713).jpg,540,720,Mask,157,155,312,340
MaskNet - Resized (714).jpg,540,720,Mask,106,134,380,342
MaskNet - Resized (715).jpg,540,720,Mask,146,166,383,419
MaskNet - Resized (716).jpg,540,720,Mask,133,223,315,524
MaskNet - Resized (717).jpg,540,720,Mask,1,227,289,381
MaskNet - Resized (718).jpg,540,720,Mask,127,212,320,409
MaskNet - Resized (719).jpg,540,720,Mask,207,327,270,465
MaskNet - Resized (72).jpg,540,720,Mask,171,250,283,437
MaskNet - Resized (720).jpg,540,720,Mask,209,326,326,436
MaskNet - Resized (721).jpg,540,720,Mask,291,366,377,515
MaskNet - Resized (722).jpg,540,720,Mask,187,281,271,483
MaskNet - Resized (723).jpg,540,720,Mask,145,282,353,423
MaskNet - Resized (724).jpg,540,720,Mask,120,277,240,364
MaskNet - Resized (725).jpg,540,720,Mask,142,304,364,398
MaskNet - Resized (726).jpg,540,720,Mask,145,298,398,518
MaskNet - Resized (727).jpg,540,720,Mask,182,330,407,559
MaskNet - Resized (728).jpg,540,720,Mask,226,268,377,543
MaskNet - Resized (729).jpg,540,720,Mask,183,284,368,495
MaskNet - Resized (73).jpg,540,720,Mask,192,306,336,508
MaskNet - Resized (730).jpg,540,720,Mask,189,250,421,396
MaskNet - Resized (731).jpg,540,720,Mask,125,362,377,529
MaskNet - Resized (732).jpg,540,720,Mask,112,355,421,592
MaskNet - Resized (733).jpg,540,720,Mask,189,266,399,637
MaskNet - Resized (734).jpg,540,720,Mask,165,283,348,422
MaskNet - Resized (735).jpg,540,720,Mask,221,329,353,436
MaskNet - Resized (736).jpg,540,720,Mask,205,293,321,459
MaskNet - Resized (737).jpg,540,720,Mask,111,282,343,413
MaskNet - Resized (738).jpg,540,720,Mask,172,225,329,418
MaskNet - Resized (739).jpg,540,720,Mask,124,272,315,386
MaskNet - Resized (74).jpg,540,720,Mask,62,350,324,550
MaskNet - Resized (740).jpg,540,720,Mask,207,260,374,367
MaskNet - Resized (741).jpg,540,720,Mask,247,358,353,486
MaskNet - Resized (742).jpg,540,720,Mask,190,350,343,445
MaskNet - Resized (743).jpg,540,720,Mask,247,315,321,430
MaskNet - Resized (744).jpg,540,720,Mask,139,296,318,366
MaskNet - Resized (745).jpg,540,720,Mask,184,163,319,319
MaskNet - Resized (746).jpg,540,720,Mask,207,243,298,479
MaskNet - Resized (747).jpg,540,720,Mask,130,273,376,378
MaskNet - Resized (748).jpg,540,720,Mask,264,445,370,560
MaskNet - Resized (749).jpg,540,720,Mask,136,319,329,495
MaskNet - Resized (75).jpg,540,720,Mask,156,318,254,444
MaskNet - Resized (750).jpg,540,720,Mask,31,217,252,500
MaskNet - Resized (751).jpg,540,720,Mask,87,257,356,424
MaskNet - Resized (752).jpg,540,720,Mask,145,261,398,400
MaskNet - Resized (753).jpg,540,720,Mask,98,239,292,458
MaskNet - Resized (754).jpg,540,720,Mask,268,265,377,495
MaskNet - Resized (755).jpg,540,720,Mask,137,320,360,479
MaskNet - Resized (756).jpg,540,720,Mask,145,251,380,453
MaskNet - Resized (757).jpg,540,720,Mask,226,289,362,456
MaskNet - Resized (758).jpg,540,720,Mask,133,272,323,477
MaskNet - Resized (759).jpg,540,720,Mask,51,285,313,460
MaskNet - Resized (76).jpg,540,720,Mask,316,298,414,415
MaskNet - Resized (760).jpg,540,720,Mask,160,309,371,434
MaskNet - Resized (761).jpg,540,720,Mask,177,342,319,491
MaskNet - Resized (762).jpg,540,720,Mask,125,289,335,442
MaskNet - Resized (763).jpg,540,720,Mask,192,299,420,414
MaskNet - Resized (764).jpg,540,720,Mask,144,277,312,479
MaskNet - Resized (765).jpg,540,720,Mask,171,307,433,547
MaskNet - Resized (766).jpg,540,720,Mask,157,297,420,623
MaskNet - Resized (767).jpg,540,720,Mask,214,236,389,555
MaskNet - Resized (768).jpg,540,720,Mask,35,268,341,439
MaskNet - Resized (769).jpg,540,720,Mask,145,300,454,459
MaskNet - Resized (77).jpg,540,720,Mask,66,321,136,410
MaskNet - Resized (770).jpg,540,720,Mask,95,288,367,429
MaskNet - Resized (771).jpg,540,720,Mask,118,230,380,374
MaskNet - Resized (772).jpg,540,720,Mask,135,222,407,501
MaskNet - Resized (773).jpg,540,720,Mask,97,265,387,462
MaskNet - Resized (774).jpg,540,720,Mask,192,224,364,515
MaskNet - Resized (775).jpg,540,720,Mask,159,303,465,468
MaskNet - Resized (776).jpg,540,720,Mask,86,300,427,527
MaskNet - Resized (777).jpg,540,720,Mask,192,271,368,580
MaskNet - Resized (778).jpg,540,720,Mask,78,295,436,465
MaskNet - Resized (779).jpg,540,720,Mask,134,371,283,483
MaskNet - Resized (78).jpg,540,720,Mask,130,509,227,577
MaskNet - Resized (780).jpg,540,720,Mask,209,278,341,438
MaskNet - Resized (781).jpg,540,720,Mask,184,247,321,469
MaskNet - Resized (782).jpg,540,720,Mask,204,286,376,387
MaskNet - Resized (783).jpg,540,720,Mask,174,309,357,442
MaskNet - Resized (784).jpg,540,720,Mask,183,374,332,471
MaskNet - Resized (785).jpg,540,720,Mask,193,341,312,508
MaskNet - Resized (786).jpg,540,720,Mask,118,278,308,361
MaskNet - Resized (787).jpg,540,720,Mask,207,355,318,465
MaskNet - Resized (788).jpg,540,720,Mask,181,235,359,406
MaskNet - Resized (789).jpg,540,720,Mask,187,346,265,438
MaskNet - Resized (79).jpg,540,720,Mask,165,437,280,511
MaskNet - Resized (790).jpg,540,720,Mask,160,315,234,381
MaskNet - Resized (791).jpg,540,720,Mask,160,383,389,517
MaskNet - Resized (792).jpg,540,720,Mask,51,441,180,519
MaskNet - Resized (793).jpg,540,720,Mask,194,360,333,450
MaskNet - Resized (794).jpg,540,720,Mask,121,328,276,591
MaskNet - Resized (795).jpg,540,720,Mask,95,264,324,593
MaskNet - Resized (796).jpg,540,720,Mask,188,438,471,658
MaskNet - Resized (797).jpg,540,720,Mask,274,228,444,519
MaskNet - Resized (798).jpg,540,720,Mask,105,355,401,557
MaskNet - Resized (799).jpg,540,720,Mask,276,298,466,585
MaskNet - Resized (8).jpg,540,720,Mask,102,310,313,482
MaskNet - Resized (80).jpg,540,720,Mask,248,356,333,455
MaskNet - Resized (800).jpg,540,720,Mask,151,419,326,713
MaskNet - Resized (801).jpg,540,720,Mask,114,373,382,607
MaskNet - Resized (802).jpg,540,720,Mask,150,238,330,540
MaskNet - Resized (803).jpg,540,720,Mask,236,313,476,459
MaskNet - Resized (804).jpg,540,720,Mask,68,348,369,636
MaskNet - Resized (805).jpg,540,720,Mask,266,353,478,713
MaskNet - Resized (806).jpg,540,720,Mask,1,353,389,590
MaskNet - Resized (807).jpg,540,720,Mask,221,356,401,573
MaskNet - Resized (808).jpg,540,720,Mask,280,394,487,577
MaskNet - Resized (809).jpg,540,720,Mask,245,315,469,474
MaskNet - Resized (81).jpg,540,720,Mask,260,503,330,575
MaskNet - Resized (810).jpg,540,720,Mask,19,342,312,512
MaskNet - Resized (811).jpg,540,720,Mask,29,314,395,527
MaskNet - Resized (812).jpg,540,720,Mask,221,305,486,558
MaskNet - Resized (813).jpg,540,720,Mask,208,245,406,523
MaskNet - Resized (814).jpg,540,720,Mask,159,255,355,368
MaskNet - Resized (815).jpg,540,720,Mask,136,365,354,548
MaskNet - Resized (816).jpg,540,720,Mask,151,274,309,529
MaskNet - Resized (817).jpg,540,720,Mask,59,435,292,703
MaskNet - Resized (818).jpg,540,720,Mask,189,245,415,506
MaskNet - Resized (819).jpg,540,720,Mask,129,218,314,530
MaskNet - Resized (82).jpg,540,720,Mask,210,516,326,592
MaskNet - Resized (820).jpg,540,720,Mask,171,225,328,502
MaskNet - Resized (821).jpg,540,720,Mask,80,160,315,350
MaskNet - Resized (822).jpg,540,720,Mask,93,122,341,293
MaskNet - Resized (823).jpg,540,720,Mask,230,511,360,720
MaskNet - Resized (824).jpg,540,720,Mask,233,221,357,418
MaskNet - Resized (825).jpg,540,720,Mask,214,342,408,470
MaskNet - Resized (826).jpg,540,720,Mask,192,407,312,465
MaskNet - Resized (827).jpg,540,720,Mask,236,468,307,561
MaskNet - Resized (828).jpg,540,720,Mask,289,422,366,513
MaskNet - Resized (829).jpg,540,720,Mask,239,329,310,441
MaskNet - Resized (83).jpg,540,720,Mask,175,456,253,523
MaskNet - Resized (830).jpg,540,720,Mask,174,353,256,487
MaskNet - Resized (831).jpg,540,720,Mask,264,398,357,523
MaskNet - Resized (832).jpg,540,720,Mask,197,375,279,454
MaskNet - Resized (833).jpg,540,720,Mask,139,307,414,448
MaskNet - Resized (834).jpg,540,720,Mask,149,203,329,521
MaskNet - Resized (835).jpg,540,720,Mask,56,244,392,432
MaskNet - Resized (836).jpg,540,720,Mask,130,250,405,464
MaskNet - Resized (837).jpg,540,720,Mask,86,263,407,402
MaskNet - Resized (838).jpg,540,720,Mask,127,227,311,482
MaskNet - Resized (839).jpg,540,720,Mask,175,268,375,542
MaskNet - Resized (84).jpg,540,720,Mask,137,320,302,437
MaskNet - Resized (840).jpg,540,720,Mask,227,277,472,471
MaskNet - Resized (841).jpg,540,720,Mask,271,217,477,496
MaskNet - Resized (842).jpg,540,720,Mask,277,204,453,545
MaskNet - Resized (843).jpg,540,720,Mask,257,257,401,609
MaskNet - Resized (844).jpg,540,720,Mask,127,336,474,498
MaskNet - Resized (845).jpg,540,720,Mask,197,179,419,556
MaskNet - Resized (846).jpg,540,720,Mask,228,250,540,442
MaskNet - Resized (847).jpg,540,720,Mask,202,164,507,396
MaskNet - Resized (848).jpg,540,720,Mask,171,290,340,488
MaskNet - Resized (849).jpg,540,720,Mask,82,242,404,454
MaskNet - Resized (85).jpg,540,720,Mask,229,357,328,511
MaskNet - Resized (850).jpg,540,720,Mask,84,133,320,445
MaskNet - Resized (851).jpg,540,720,Mask,127,172,365,462
MaskNet - Resized (852).jpg,540,720,Mask,106,165,360,430
MaskNet - Resized (853).jpg,540,720,Mask,144,174,386,524
MaskNet - Resized (854).jpg,540,720,Mask,172,309,298,406
MaskNet - Resized (855).jpg,540,720,Mask,263,450,327,544
MaskNet - Resized (856).jpg,540,720,Mask,201,304,388,643
MaskNet - Resized (857).jpg,540,720,Mask,157,325,393,559
MaskNet - Resized (858).jpg,540,720,Mask,189,257,401,513
MaskNet - Resized (859).jpg,540,720,Mask,72,234,409,438
MaskNet - Resized (86).jpg,540,720,Mask,126,359,336,551
MaskNet - Resized (860).jpg,540,720,Mask,141,225,471,395
MaskNet - Resized (861).jpg,540,720,Mask,161,157,311,475
MaskNet - Resized (862).jpg,540,720,Mask,76,230,420,394
MaskNet - Resized (863).jpg,540,720,Mask,98,133,415,412
MaskNet - Resized (864).jpg,540,720,Mask,136,168,326,483
MaskNet - Resized (865).jpg,540,720,Mask,65,239,436,457
MaskNet - Resized (866).jpg,540,720,Mask,109,162,409,353
MaskNet - Resized (867).jpg,540,720,Mask,73,80,297,412
MaskNet - Resized (868).jpg,540,720,Mask,145,194,480,351
MaskNet - Resized (869).jpg,540,720,Mask,80,69,293,411
MaskNet - Resized (87).jpg,540,720,Mask,169,215,315,353
MaskNet - Resized (870).jpg,540,720,Mask,166,243,365,442
MaskNet - Resized (871).jpg,540,720,Mask,104,218,268,519
MaskNet - Resized (872).jpg,540,720,Mask,51,201,339,409
MaskNet - Resized (873).jpg,540,720,Mask,65,160,356,430
MaskNet - Resized (874).jpg,540,720,Mask,33,174,351,330
MaskNet - Resized (875).jpg,540,720,Mask,106,115,365,413
MaskNet - Resized (876).jpg,540,720,Mask,167,90,324,417
MaskNet - Resized (877).jpg,540,720,Mask,89,217,427,378
MaskNet - Resized (878).jpg,540,720,Mask,70,309,433,488
MaskNet - Resized (879).jpg,540,720,Mask,106,235,343,599
MaskNet - Resized (88).jpg,540,720,Mask,217,392,348,500
MaskNet - Resized (880).jpg,540,720,Mask,80,179,324,605
MaskNet - Resized (881).jpg,540,720,Mask,1,258,384,521
MaskNet - Resized (882).jpg,540,720,Mask,1,210,430,445
MaskNet - Resized (883).jpg,540,720,Mask,200,282,488,442
MaskNet - Resized (884).jpg,540,720,Mask,196,224,410,446
MaskNet - Resized (885).jpg,540,720,Mask,136,244,354,448
MaskNet - Resized (886).jpg,540,720,Mask,136,287,395,442
MaskNet - Resized (887).jpg,540,720,Mask,53,234,338,451
MaskNet - Resized (888).jpg,540,720,Mask,59,209,298,534
MaskNet - Resized (889).jpg,540,720,Mask,45,234,319,506
MaskNet - Resized (89).jpg,540,720,Mask,173,359,259,436
MaskNet - Resized (890).jpg,540,720,Mask,1,252,212,458
MaskNet - Resized (891).jpg,540,720,Mask,13,205,279,548
MaskNet - Resized (892).jpg,540,720,Mask,104,314,392,510
MaskNet - Resized (893).jpg,540,720,Mask,174,240,365,503
MaskNet - Resized (894).jpg,540,720,Mask,111,282,362,459
MaskNet - Resized (895).jpg,540,720,Mask,116,228,359,482
MaskNet - Resized (896).jpg,540,720,Mask,70,322,394,586
MaskNet - Resized (897).jpg,540,720,Mask,86,266,297,639
MaskNet - Resized (898).jpg,540,720,Mask,46,294,378,456
MaskNet - Resized (899).jpg,540,720,Mask,101,226,372,545
MaskNet - Resized (9).jpg,540,720,Mask,198,324,325,451
MaskNet - Resized (90).jpg,540,720,Mask,194,328,354,412
MaskNet - Resized (900).jpg,540,720,Mask,25,268,368,445
MaskNet - Resized (901).jpg,540,720,Mask,60,250,374,512
MaskNet - Resized (902).jpg,540,720,Mask,1,163,224,481
MaskNet - Resized (903).jpg,540,720,Mask,1,223,336,433
MaskNet - Resized (904).jpg,540,720,Mask,150,280,431,445
MaskNet - Resized (905).jpg,540,720,Mask,127,209,385,500
MaskNet - Resized (906).jpg,540,720,Mask,104,216,294,527
MaskNet - Resized (907).jpg,540,720,Mask,90,215,363,426
MaskNet - Resized (908).jpg,540,720,Mask,136,348,306,467
MaskNet - Resized (909).jpg,540,720,Mask,178,183,324,357
MaskNet - Resized (91).jpg,540,720,Mask,201,362,415,559
MaskNet - Resized (910).jpg,540,720,Mask,103,230,350,460
MaskNet - Resized (911).jpg,540,720,Mask,58,253,412,439
MaskNet - Resized (912).jpg,540,720,Mask,113,220,421,420
MaskNet - Resized (913).jpg,540,720,Mask,174,286,305,498
MaskNet - Resized (914).jpg,540,720,Mask,176,303,459,458
MaskNet - Resized (915).jpg,540,720,Mask,169,228,409,567
MaskNet - Resized (916).jpg,540,720,Mask,30,279,345,464
MaskNet - Resized (917).jpg,540,720,Mask,139,233,321,519
MaskNet - Resized (918).jpg,540,720,Mask,56,266,347,464
MaskNet - Resized (919).jpg,540,720,Mask,96,322,357,511
MaskNet - Resized (92).jpg,540,720,Mask,172,166,286,349
MaskNet - Resized (920).jpg,540,720,Mask,16,350,378,597
MaskNet - Resized (921).jpg,540,720,Mask,65,333,299,656
MaskNet - Resized (922).jpg,540,720,Mask,66,335,370,652
MaskNet - Resized (923).jpg,540,720,Mask,66,395,424,653
MaskNet - Resized (924).jpg,540,720,Mask,101,356,283,490
MaskNet - Resized (925).jpg,540,720,Mask,303,336,518,518
MaskNet - Resized (926).jpg,540,720,Mask,168,256,312,517
MaskNet - Resized (927).jpg,540,720,Mask,55,258,340,421
MaskNet - Resized (928).jpg,540,720,Mask,90,265,316,495
MaskNet - Resized (929).jpg,540,720,Mask,95,321,330,436
MaskNet - Resized (93).jpg,540,720,Mask,190,378,338,483
MaskNet - Resized (930).jpg,540,720,Mask,83,133,383,315
MaskNet - Resized (931).jpg,540,720,Mask,171,245,483,448
MaskNet - Resized (932).jpg,540,720,Mask,115,191,461,392
MaskNet - Resized (933).jpg,540,720,Mask,78,274,364,541
MaskNet - Resized (934).jpg,540,720,Mask,176,239,454,429
MaskNet - Resized (935).jpg,540,720,Mask,251,189,456,459
MaskNet - Resized (936).jpg,540,720,Mask,139,353,318,540
MaskNet - Resized (937).jpg,540,720,Mask,108,175,297,389
MaskNet - Resized (938).jpg,540,720,Mask,118,241,322,389
MaskNet - Resized (939).jpg,540,720,Mask,33,245,277,432
MaskNet - Resized (94).jpg,540,720,Mask,357,377,477,470
MaskNet - Resized (940).jpg,540,720,Mask,199,215,386,426
MaskNet - Resized (941).jpg,540,720,Mask,151,186,364,354
MaskNet - Resized (942).jpg,540,720,Mask,139,277,404,612
MaskNet - Resized (943).jpg,540,720,Mask,159,239,412,487
MaskNet - Resized (944).jpg,540,720,Mask,124,259,421,446
MaskNet - Resized (945).jpg,540,720,Mask,125,248,397,492
MaskNet - Resized (946).jpg,540,720,Mask,198,153,462,390
MaskNet - Resized (947).jpg,540,720,Mask,169,227,404,445
MaskNet - Resized (948).jpg,540,720,Mask,146,271,442,449
MaskNet - Resized (949).jpg,540,720,Mask,101,123,331,308
MaskNet - Resized (95).jpg,540,720,Mask,175,348,301,430
MaskNet - Resized (950).jpg,540,720,Mask,53,203,319,369
MaskNet - Resized (951).jpg,540,720,Mask,168,303,333,474
MaskNet - Resized (952).jpg,540,720,Mask,86,227,241,448
MaskNet - Resized (953).jpg,540,720,Mask,96,173,268,371
MaskNet - Resized (954).jpg,540,720,Mask,142,122,315,388
MaskNet - Resized (955).jpg,540,720,Mask,126,222,359,396
MaskNet - Resized (956).jpg,540,720,Mask,98,228,319,435
MaskNet - Resized (957).jpg,540,720,Mask,1,242,299,515
MaskNet - Resized (958).jpg,540,720,Mask,99,356,380,512
MaskNet - Resized (959).jpg,540,720,Mask,127,342,248,521
MaskNet - Resized (96).jpg,540,720,Mask,84,268,192,391
MaskNet - Resized (960).jpg,540,720,Mask,167,95,383,235
MaskNet - Resized (961).jpg,540,720,Mask,78,303,328,496
MaskNet - Resized (962).jpg,540,720,Mask,116,202,394,491
MaskNet - Resized (963).jpg,540,720,Mask,108,274,385,448
MaskNet - Resized (964).jpg,540,720,Mask,162,243,410,448
MaskNet - Resized (965).jpg,540,720,Mask,196,416,333,516
MaskNet - Resized (966).jpg,540,720,Mask,186,421,314,557
MaskNet - Resized (967).jpg,540,720,Mask,233,424,381,539
MaskNet - Resized (968).jpg,540,720,Mask,166,442,333,555
MaskNet - Resized (969).jpg,540,720,Mask,241,308,398,491
MaskNet - Resized (97).jpg,540,720,Mask,256,355,377,487
MaskNet - Resized (970).jpg,540,720,Mask,220,325,460,488
MaskNet - Resized (971).jpg,540,720,Mask,239,480,421,622
MaskNet - Resized (972).jpg,540,720,Mask,185,328,376,544
MaskNet - Resized (973).jpg,540,720,Mask,189,305,320,445
MaskNet - Resized (974).jpg,540,720,Mask,127,356,291,548
MaskNet - Resized (975).jpg,540,720,Mask,111,242,357,510
MaskNet - Resized (976).jpg,540,720,Mask,99,266,288,559
MaskNet - Resized (977).jpg,540,720,Mask,36,236,333,423
MaskNet - Resized (978).jpg,540,720,Mask,156,316,405,557
MaskNet - Resized (979).jpg,540,720,Mask,108,280,389,574
MaskNet - Resized (98).jpg,540,720,Mask,248,384,329,471
MaskNet - Resized (980).jpg,540,720,Mask,110,259,398,489
MaskNet - Resized (981).jpg,540,720,Mask,121,337,384,524
MaskNet - Resized (982).jpg,540,720,Mask,94,268,328,503
MaskNet - Resized (983).jpg,540,720,Mask,1,296,367,519
MaskNet - Resized (984).jpg,540,720,Mask,57,227,293,583
MaskNet - Resized (985).jpg,540,720,Mask,58,297,365,585
MaskNet - Resized (986).jpg,540,720,Mask,81,174,304,442
MaskNet - Resized (987).jpg,540,720,Mask,112,250,318,614
MaskNet - Resized (988).jpg,540,720,Mask,1,273,339,509
MaskNet - Resized (989).jpg,540,720,Mask,147,287,411,486
MaskNet - Resized (99).jpg,540,720,Mask,214,299,358,448
MaskNet - Resized (990).jpg,540,720,Mask,215,408,350,483
MaskNet - Resized (991).jpg,540,720,Mask,189,273,348,376
MaskNet - Resized (992).jpg,540,720,Mask,242,308,322,412
MaskNet - Resized (993).jpg,540,720,Mask,242,386,335,465
MaskNet - Resized (994).jpg,540,720,Mask,227,192,404,386
MaskNet - Resized (995).jpg,540,720,Mask,247,197,427,396
MaskNet - Resized (996).jpg,540,720,Mask,295,200,392,346
MaskNet - Resized (997).jpg,540,720,Mask,329,198,487,362
MaskNet - Resized (998).jpg,540,720,Mask,233,259,386,348
MaskNet - Resized (999).jpg,540,720,Mask,299,376,362,435
